symbol,entry_datetime,exit_datetime,entry_type,pnl
BAJAJ-AUTO,1/1/2024 10:15,1/2/2024 11:15,sell,3.00%
TVSMOTOR,1/1/2024 10:15,1/2/2024 13:15,sell,-0.03%
SHRIRAMFIN,1/1/2024 10:15,1/2/2024 11:15,buy,0.05%
VOLTAS,1/1/2024 11:15,1/2/2024 10:15,buy,0.02%
COFORGE,1/1/2024 14:15,1/2/2024 10:15,buy,0.02%
PERSISTENT,1/2/2024 10:15,1/4/2024 11:15,sell,0.05%
TCS,1/2/2024 10:15,1/5/2024 10:15,sell,-0.01%
TECHM,1/2/2024 10:15,1/3/2024 10:15,buy,0.01%
BSOFT,1/2/2024 12:15,1/4/2024 14:15,buy,-0.02%
HCLTECH,1/2/2024 13:15,1/3/2024 13:15,sell,-0.05%
WIPRO,1/2/2024 14:15,1/3/2024 12:15,sell,0.03%
OFSS,1/2/2024 15:15,1/8/2024 10:15,buy,0.00%
ONGC,1/3/2024 10:15,1/3/2024 11:15,sell,0.01%
INFY,1/3/2024 10:15,1/3/2024 11:15,buy,-0.03%
INDHOTEL,1/3/2024 10:15,1/4/2024 15:15,buy,0.02%
BHARTIARTL,1/3/2024 11:15,1/4/2024 10:15,sell,0.02%
BOSCHLTD,1/3/2024 11:15,1/5/2024 14:15,sell,0.00%
IOC,1/3/2024 12:15,1/3/2024 15:15,sell,-0.02%
NATIONALUM,1/3/2024 13:15,1/4/2024 10:15,sell,0.01%
PAGEIND,1/3/2024 15:15,1/5/2024 11:15,buy,0.05%
TITAN,1/3/2024 15:15,1/4/2024 10:15,sell,-0.05%
MRF,1/4/2024 10:15,1/9/2024 15:15,buy,-0.01%
CHOLAFIN,1/4/2024 10:15,1/8/2024 11:15,sell,-0.04%
ICICIGI,1/4/2024 10:15,1/5/2024 14:15,sell,0.05%
OFSS,1/4/2024 11:15,1/5/2024 11:15,sell,0.02%
APOLLOTYRE,1/4/2024 14:15,1/5/2024 10:15,buy,0.00%
MGL,1/4/2024 15:15,1/8/2024 10:15,buy,-0.04%
AARTIIND,1/5/2024 10:15,1/5/2024 14:15,buy,0.00%
IOC,1/5/2024 10:15,1/8/2024 15:15,buy,0.00%
APOLLOHOSP,1/5/2024 11:15,1/8/2024 10:15,sell,-0.04%
COALINDIA,1/5/2024 11:15,1/8/2024 12:15,buy,-0.03%
IRCTC,1/8/2024 10:15,1/9/2024 10:15,buy,0.04%
PETRONET,1/8/2024 10:15,1/9/2024 11:15,buy,0.05%
TECHM,1/8/2024 12:15,1/9/2024 13:15,sell,0.00%
MRF,1/10/2024 15:15,1/12/2024 10:15,sell,0.05%
BALKRISIND,1/11/2024 10:15,1/11/2024 14:15,buy,0.05%
BHARTIARTL,1/11/2024 10:15,1/11/2024 12:15,sell,0.03%
CIPLA,1/11/2024 10:15,1/15/2024 12:15,sell,0.03%
PERSISTENT,1/11/2024 10:15,1/16/2024 15:15,sell,0.00%
SUNPHARMA,1/11/2024 10:15,1/12/2024 11:15,buy,-0.01%
SHREECEM,1/11/2024 10:15,1/11/2024 14:15,buy,0.01%
BAJAJ-AUTO,1/11/2024 12:15,1/15/2024 10:15,sell,-0.03%
ACC,1/11/2024 12:15,1/12/2024 10:15,sell,0.00%
AMBUJACEM,1/11/2024 13:15,1/16/2024 13:15,sell,-0.01%
MCX,1/11/2024 15:15,1/15/2024 10:15,buy,0.04%
NATIONALUM,1/12/2024 10:15,1/15/2024 15:15,sell,-0.04%
TATAPOWER,1/12/2024 10:15,1/15/2024 11:15,sell,-0.02%
RELIANCE,1/12/2024 10:15,1/15/2024 13:15,buy,0.03%
ONGC,1/12/2024 10:15,1/16/2024 10:15,buy,-0.02%
CUMMINSIND,1/12/2024 13:15,1/15/2024 11:15,buy,0.04%
COALINDIA,1/15/2024 10:15,1/16/2024 10:15,buy,0.00%
SHRIRAMFIN,1/15/2024 10:15,1/16/2024 10:15,sell,0.01%
BHEL,1/15/2024 11:15,1/16/2024 13:15,sell,0.01%
PETRONET,1/15/2024 11:15,1/17/2024 12:15,sell,0.04%
TATAMOTORS,1/15/2024 12:15,1/17/2024 15:15,buy,-0.03%
BOSCHLTD,1/15/2024 13:15,1/16/2024 11:15,sell,-0.05%
INDUSTOWER,1/15/2024 15:15,1/16/2024 13:15,buy,-0.01%
LICHSGFIN,1/16/2024 10:15,1/16/2024 11:15,buy,0.00%
MOTHERSON,1/16/2024 10:15,1/19/2024 12:15,sell,-0.04%
ASHOKLEY,1/16/2024 10:15,1/16/2024 13:15,sell,0.02%
ACC,1/16/2024 11:15,1/16/2024 12:15,buy,0.04%
ABFRL,1/16/2024 11:15,1/18/2024 10:15,sell,-0.03%
GLENMARK,1/16/2024 12:15,1/17/2024 11:15,buy,-0.02%
OFSS,1/16/2024 14:15,1/17/2024 12:15,buy,0.02%
LUPIN,1/17/2024 12:15,1/18/2024 10:15,sell,0.03%
SUNPHARMA,1/18/2024 10:15,1/23/2024 10:15,buy,-0.05%
GODREJCP,1/18/2024 13:15,1/23/2024 12:15,buy,-0.03%
ADANIENT,1/19/2024 10:15,1/20/2024 10:15,buy,0.05%
ADANIPORTS,1/19/2024 12:15,1/23/2024 10:15,buy,-0.03%
ITC,1/19/2024 14:15,1/23/2024 10:15,sell,-0.04%
ABCAPITAL,1/20/2024 11:15,1/20/2024 14:15,sell,-0.03%
BIOCON,1/20/2024 11:15,1/23/2024 10:15,buy,-0.03%
HAVELLS,1/20/2024 11:15,1/23/2024 10:15,sell,-0.04%
BANDHANBNK,1/20/2024 11:15,1/24/2024 12:15,buy,-0.02%
BAJAJ-AUTO,1/20/2024 11:15,1/23/2024 12:15,sell,0.03%
HINDPETRO,1/20/2024 14:15,1/23/2024 12:15,sell,-0.01%
BAJFINANCE,1/20/2024 15:15,1/23/2024 10:15,buy,0.05%
GODREJPROP,1/23/2024 10:15,1/25/2024 13:15,sell,0.05%
OBEROIRLTY,1/23/2024 10:15,1/25/2024 10:15,buy,0.04%
DLF,1/23/2024 10:15,1/25/2024 11:15,sell,0.02%
INDUSINDBK,1/23/2024 10:15,1/25/2024 10:15,sell,-0.02%
HAL,1/23/2024 11:15,1/23/2024 12:15,sell,-0.05%
MRF,1/25/2024 10:15,1/30/2024 11:15,sell,-0.04%
ONGC,1/25/2024 15:15,1/30/2024 15:15,sell,0.02%
SHRIRAMFIN,1/29/2024 10:15,1/30/2024 15:15,sell,0.03%
CIPLA,1/29/2024 10:15,1/30/2024 15:15,buy,0.05%
BALKRISIND,1/29/2024 11:15,1/29/2024 13:15,sell,0.03%
HEROMOTOCO,1/29/2024 11:15,1/30/2024 15:15,sell,0.02%
RELIANCE,1/29/2024 12:15,1/30/2024 15:15,sell,-0.03%
TORNTPHARM,1/29/2024 13:15,1/30/2024 14:15,sell,0.01%
TRENT,1/29/2024 14:15,1/30/2024 11:15,buy,0.01%
TVSMOTOR,1/29/2024 15:15,1/30/2024 11:15,buy,-0.05%
VOLTAS,1/30/2024 10:15,1/31/2024 10:15,sell,0.02%
COFORGE,1/30/2024 11:15,1/30/2024 15:15,sell,0.01%
PERSISTENT,1/30/2024 11:15,1/30/2024 13:15,sell,0.01%
TCS,1/30/2024 11:15,2/1/2024 15:15,buy,0.05%
TECHM,1/30/2024 13:15,1/31/2024 13:15,buy,0.01%
BSOFT,1/30/2024 14:15,1/30/2024 15:15,buy,-0.02%
HCLTECH,1/31/2024 10:15,2/2/2024 15:15,buy,-0.05%
WIPRO,1/31/2024 11:15,2/1/2024 10:15,buy,0.01%
INFY,1/31/2024 12:15,2/2/2024 10:15,buy,-0.01%
INDHOTEL,1/31/2024 15:15,2/1/2024 12:15,buy,-0.01%
BHARTIARTL,1/31/2024 15:15,2/5/2024 15:15,buy,-0.03%
BOSCHLTD,2/1/2024 10:15,2/1/2024 13:15,sell,0.04%
IOC,2/1/2024 10:15,2/2/2024 11:15,sell,-0.02%
NATIONALUM,2/1/2024 10:15,2/5/2024 10:15,buy,-0.02%
PAGEIND,2/1/2024 10:15,2/6/2024 10:15,sell,-0.02%
TITAN,2/1/2024 10:15,2/1/2024 13:15,buy,-0.03%
CHOLAFIN,2/1/2024 12:15,2/2/2024 12:15,buy,0.02%
ICICIGI,2/1/2024 13:15,2/5/2024 13:15,buy,0.02%
APOLLOTYRE,2/1/2024 13:15,2/6/2024 11:15,sell,0.03%
MGL,2/2/2024 10:15,2/6/2024 10:15,sell,-0.01%
AARTIIND,2/2/2024 10:15,2/2/2024 12:15,sell,-0.02%
APOLLOHOSP,2/2/2024 11:15,2/9/2024 10:15,sell,0.02%
COALINDIA,2/2/2024 12:15,2/9/2024 10:15,buy,-0.04%
IRCTC,2/2/2024 12:15,2/6/2024 13:15,buy,0.05%
PETRONET,2/5/2024 10:15,2/5/2024 15:15,buy,0.03%
SHREECEM,2/5/2024 10:15,2/8/2024 14:15,sell,-0.03%
AMBUJACEM,2/5/2024 13:15,2/8/2024 10:15,buy,0.02%
MCX,2/6/2024 10:15,2/6/2024 15:15,sell,0.05%
TATAPOWER,2/6/2024 10:15,2/7/2024 15:15,buy,0.00%
CUMMINSIND,2/6/2024 10:15,2/7/2024 11:15,buy,0.04%
BHEL,2/6/2024 12:15,2/7/2024 11:15,sell,0.04%
TATAMOTORS,2/6/2024 12:15,2/7/2024 10:15,buy,-0.05%
JINDALSTEL,2/6/2024 13:15,2/8/2024 15:15,sell,-0.01%
SYNGENE,2/6/2024 15:15,2/12/2024 12:15,sell,0.04%
RAMCOCEM,2/7/2024 10:15,2/7/2024 14:15,buy,-0.01%
EICHERMOT,2/7/2024 11:15,2/7/2024 12:15,buy,0.02%
EXIDEIND,2/7/2024 11:15,2/8/2024 10:15,sell,0.02%
PNB,2/7/2024 12:15,2/9/2024 11:15,buy,-0.04%
DABUR,2/7/2024 14:15,2/8/2024 11:15,sell,-0.03%
MARUTI,2/7/2024 15:15,2/12/2024 12:15,sell,0.04%
POWERGRID,2/8/2024 10:15,2/12/2024 15:15,sell,-0.04%
ICICIPRULI,2/8/2024 10:15,2/12/2024 12:15,sell,-0.02%
BANKBARODA,2/8/2024 12:15,2/12/2024 11:15,buy,-0.03%
CANBK,2/8/2024 15:15,2/9/2024 15:15,buy,-0.05%
NMDC,2/9/2024 10:15,2/9/2024 11:15,buy,-0.05%
PIIND,2/9/2024 11:15,2/14/2024 10:15,sell,0.04%
BPCL,2/9/2024 13:15,2/15/2024 10:15,buy,-0.02%
INDIGO,2/9/2024 15:15,2/12/2024 11:15,buy,-0.04%
SAIL,2/14/2024 10:15,2/21/2024 11:15,buy,0.02%
TATASTEEL,2/14/2024 14:15,2/16/2024 14:15,sell,-0.03%
M&MFIN,2/15/2024 10:15,2/16/2024 12:15,sell,0.00%
PIDILITIND,2/15/2024 10:15,2/20/2024 10:15,sell,-0.04%
SBIN,2/15/2024 12:15,2/16/2024 10:15,buy,-0.02%
NAUKRI,2/15/2024 13:15,2/16/2024 15:15,sell,-0.05%
MFSL,2/15/2024 13:15,2/21/2024 14:15,buy,-0.04%
M&M,2/15/2024 15:15,2/20/2024 10:15,buy,-0.01%
FEDERALBNK,2/15/2024 15:15,2/16/2024 13:15,sell,0.01%
POLYCAB,2/16/2024 10:15,2/20/2024 10:15,sell,0.02%
ZYDUSLIFE,2/16/2024 10:15,2/16/2024 14:15,sell,-0.03%
CONCOR,2/16/2024 12:15,2/20/2024 14:15,buy,-0.02%
GRANULES,2/16/2024 13:15,2/20/2024 13:15,buy,0.01%
MPHASIS,2/16/2024 14:15,2/20/2024 10:15,sell,0.01%
DIXON,2/16/2024 14:15,2/19/2024 10:15,sell,-0.04%
JUBLFOOD,2/16/2024 15:15,2/19/2024 15:15,sell,-0.01%
HDFCBANK,2/19/2024 10:15,2/20/2024 14:15,buy,-0.04%
ABB,2/19/2024 15:15,2/20/2024 15:15,buy,-0.05%
PEL,2/20/2024 10:15,2/21/2024 10:15,buy,0.04%
MARICO,2/20/2024 15:15,2/21/2024 14:15,sell,-0.02%
BEL,2/21/2024 10:15,2/26/2024 10:15,sell,0.01%
IDEA,2/21/2024 10:15,2/21/2024 11:15,buy,0.04%
ASTRAL,2/21/2024 10:15,2/26/2024 10:15,buy,0.04%
NESTLEIND,2/21/2024 10:15,2/21/2024 15:15,buy,-0.05%
LT,2/21/2024 13:15,2/23/2024 12:15,sell,0.03%
SBILIFE,2/21/2024 13:15,2/22/2024 15:15,sell,0.05%
BERGEPAINT,2/22/2024 14:15,2/23/2024 14:15,sell,-0.01%
HINDCOPPER,2/22/2024 15:15,2/26/2024 10:15,sell,0.01%
AUROPHARMA,2/23/2024 10:15,2/28/2024 11:15,sell,0.05%
IEX,2/23/2024 10:15,2/26/2024 11:15,sell,-0.02%
NTPC,2/23/2024 10:15,2/26/2024 10:15,sell,-0.05%
TATACHEM,2/23/2024 10:15,2/27/2024 10:15,sell,-0.04%
IGL,2/23/2024 12:15,2/23/2024 13:15,sell,0.01%
MANAPPURAM,2/23/2024 12:15,2/28/2024 11:15,sell,0.04%
MUTHOOTFIN,2/23/2024 13:15,2/27/2024 12:15,buy,-0.05%
VEDL,2/23/2024 15:15,2/26/2024 13:15,buy,-0.03%
CHAMBLFERT,2/26/2024 10:15,2/27/2024 10:15,sell,-0.05%
TATACONSUM,2/26/2024 10:15,2/27/2024 10:15,buy,-0.01%
DALBHARAT,2/26/2024 10:15,2/28/2024 11:15,buy,0.00%
SIEMENS,2/26/2024 10:15,2/27/2024 10:15,buy,-0.05%
LAURUSLABS,2/26/2024 11:15,2/26/2024 14:15,buy,0.05%
DIVISLAB,2/27/2024 10:15,3/1/2024 12:15,buy,0.03%
ESCORTS,2/27/2024 10:15,2/29/2024 10:15,buy,-0.01%
AUBANK,2/27/2024 12:15,2/27/2024 15:15,buy,0.05%
SBICARD,2/27/2024 15:15,2/28/2024 12:15,buy,-0.03%
GAIL,2/28/2024 10:15,2/28/2024 12:15,sell,-0.03%
IDFCFIRSTB,2/29/2024 15:15,3/1/2024 10:15,sell,0.00%
CROMPTON,3/1/2024 12:15,3/5/2024 10:15,sell,-0.05%
HINDALCO,3/1/2024 15:15,3/5/2024 11:15,sell,-0.04%
GRASIM,3/1/2024 15:15,3/4/2024 15:15,sell,0.02%
AXISBANK,3/2/2024 10:15,3/4/2024 10:15,sell,-0.04%
BHARATFORG,3/2/2024 10:15,3/5/2024 14:15,buy,-0.03%
DRREDDY,3/2/2024 12:15,3/5/2024 11:15,sell,-0.03%
COLPAL,3/2/2024 13:15,3/5/2024 11:15,sell,0.00%
ICICIBANK,3/4/2024 10:15,3/5/2024 10:15,buy,-0.03%
RECLTD,3/4/2024 10:15,3/5/2024 10:15,buy,-0.05%
PFC,3/4/2024 10:15,3/4/2024 12:15,sell,-0.01%
HDFCAMC,3/4/2024 10:15,3/6/2024 10:15,buy,-0.05%
ASIANPAINT,3/4/2024 12:15,3/6/2024 10:15,buy,0.03%
BRITANNIA,3/4/2024 15:15,3/11/2024 10:15,sell,0.05%
ALKEM,3/5/2024 10:15,3/6/2024 10:15,buy,0.05%
HINDUNILVR,3/5/2024 10:15,3/5/2024 14:15,sell,-0.02%
UPL,3/5/2024 10:15,3/6/2024 10:15,buy,-0.04%
ULTRACEMCO,3/5/2024 11:15,3/6/2024 10:15,buy,0.05%
UNITDSPR,3/5/2024 11:15,3/5/2024 15:15,sell,0.05%
LTIM,3/5/2024 13:15,3/6/2024 10:15,buy,0.04%
TATACOMM,3/5/2024 15:15,3/6/2024 10:15,buy,-0.02%
DEEPAKNTR,3/6/2024 15:15,3/11/2024 10:15,buy,0.05%
LTF,3/6/2024 15:15,3/11/2024 15:15,sell,0.04%
HDFCLIFE,3/6/2024 15:15,3/13/2024 10:15,sell,-0.01%
BAJAJFINSV,3/6/2024 15:15,3/12/2024 10:15,buy,-0.03%
SRF,3/6/2024 15:15,3/11/2024 15:15,buy,0.01%
RBLBANK,3/7/2024 10:15,3/11/2024 15:15,buy,0.03%
JSWSTEEL,3/7/2024 11:15,3/11/2024 10:15,sell,0.05%
KOTAKBANK,3/7/2024 12:15,3/11/2024 12:15,sell,-0.05%
ADANIGREEN,3/7/2024 13:15,3/11/2024 10:15,buy,0.03%
LICI,3/11/2024 10:15,3/11/2024 13:15,sell,0.02%
MAXHEALTH,3/11/2024 10:15,3/12/2024 10:15,buy,0.01%
TATAELXSI,3/11/2024 10:15,3/11/2024 12:15,buy,-0.03%
ANGELONE,3/11/2024 10:15,3/12/2024 12:15,sell,-0.03%
JIOFIN,3/20/2024 11:15,3/22/2024 10:15,sell,0.03%
CDSL,3/20/2024 11:15,3/21/2024 12:15,buy,0.05%
BSE,3/21/2024 10:15,3/27/2024 10:15,sell,0.02%
IRFC,3/21/2024 15:15,3/27/2024 13:15,sell,0.01%
POLICYBZR,3/21/2024 15:15,3/28/2024 11:15,sell,-0.02%
IRB,3/22/2024 11:15,3/28/2024 10:15,buy,-0.01%
GMRAIRPORT,3/22/2024 13:15,3/26/2024 10:15,buy,0.01%
DELHIVERY,3/22/2024 13:15,3/26/2024 10:15,buy,-0.05%
CYIENT,3/22/2024 14:15,3/26/2024 14:15,buy,-0.01%
LODHA,3/26/2024 10:15,4/1/2024 10:15,buy,-0.02%
PRESTIGE,3/26/2024 10:15,4/2/2024 10:15,buy,-0.01%
PAYTM,3/26/2024 10:15,3/26/2024 15:15,buy,0.03%
ATGL,3/26/2024 11:15,4/3/2024 10:15,buy,0.00%
MARICO,3/26/2024 11:15,3/26/2024 13:15,sell,0.00%
NAUKRI,3/26/2024 13:15,3/27/2024 15:15,sell,-0.05%
VOLTAS,3/26/2024 14:15,4/1/2024 13:15,sell,-0.03%
GODREJPROP,3/27/2024 10:15,4/3/2024 13:15,buy,-0.01%
EXIDEIND,3/27/2024 10:15,4/2/2024 10:15,sell,0.01%
GAIL,3/27/2024 13:15,4/2/2024 10:15,buy,0.00%
BALKRISIND,3/27/2024 15:15,4/1/2024 12:15,buy,-0.01%
HINDCOPPER,3/28/2024 10:15,3/28/2024 15:15,sell,-0.03%
PAGEIND,3/28/2024 11:15,3/28/2024 15:15,sell,0.01%
TATASTEEL,3/28/2024 15:15,4/2/2024 12:15,buy,0.01%
TATAPOWER,3/28/2024 15:15,4/3/2024 10:15,sell,-0.02%
INDIGO,4/1/2024 10:15,4/2/2024 10:15,sell,0.03%
MCX,4/1/2024 12:15,4/2/2024 11:15,sell,0.01%
NMDC,4/1/2024 13:15,4/3/2024 13:15,buy,-0.02%
PETRONET,4/2/2024 10:15,4/8/2024 10:15,sell,-0.02%
AARTIIND,4/2/2024 10:15,4/2/2024 15:15,buy,0.03%
IDFCFIRSTB,4/2/2024 10:15,4/3/2024 12:15,sell,-0.03%
SYNGENE,4/2/2024 10:15,4/3/2024 10:15,buy,0.03%
IRCTC,4/2/2024 11:15,4/4/2024 10:15,buy,-0.03%
CROMPTON,4/2/2024 12:15,4/3/2024 15:15,buy,0.04%
HINDALCO,4/2/2024 15:15,4/3/2024 14:15,buy,-0.04%
ONGC,4/3/2024 10:15,4/8/2024 10:15,sell,0.03%
INDUSTOWER,4/3/2024 10:15,4/3/2024 14:15,sell,0.05%
MOTHERSON,4/3/2024 10:15,4/4/2024 10:15,buy,-0.02%
BHARTIARTL,4/3/2024 12:15,4/4/2024 10:15,sell,0.03%
VEDL,4/3/2024 13:15,4/4/2024 12:15,buy,0.03%
VOLTAS,4/3/2024 13:15,4/5/2024 15:15,buy,0.00%
GRASIM,4/3/2024 14:15,4/8/2024 13:15,sell,-0.03%
ABFRL,4/3/2024 14:15,4/4/2024 14:15,sell,-0.03%
ABCAPITAL,4/3/2024 15:15,4/8/2024 10:15,sell,0.03%
BIOCON,4/4/2024 10:15,4/9/2024 10:15,buy,-0.01%
CHAMBLFERT,4/4/2024 10:15,4/5/2024 10:15,sell,0.03%
HAL,4/4/2024 10:15,4/5/2024 12:15,sell,0.02%
POWERGRID,4/4/2024 12:15,4/5/2024 12:15,buy,-0.04%
SAIL,4/4/2024 14:15,4/5/2024 13:15,buy,0.02%
TORNTPHARM,4/5/2024 10:15,4/8/2024 11:15,buy,-0.05%
AXISBANK,4/5/2024 12:15,4/5/2024 14:15,buy,-0.01%
BHARATFORG,4/5/2024 12:15,4/12/2024 10:15,sell,-0.03%
BHEL,4/5/2024 13:15,4/16/2024 13:15,buy,-0.01%
SBIN,4/5/2024 14:15,4/8/2024 14:15,sell,-0.02%
CONCOR,4/8/2024 10:15,4/10/2024 10:15,sell,-0.04%
TECHM,4/8/2024 10:15,4/9/2024 11:15,buy,0.05%
ASHOKLEY,4/8/2024 10:15,4/10/2024 10:15,buy,-0.02%
PEL,4/8/2024 10:15,4/9/2024 15:15,sell,-0.01%
DRREDDY,4/8/2024 11:15,4/8/2024 15:15,buy,0.02%
COLPAL,4/8/2024 13:15,4/19/2024 11:15,sell,-0.02%
DIVISLAB,4/8/2024 14:15,4/10/2024 14:15,sell,0.04%
ASTRAL,4/8/2024 15:15,4/9/2024 11:15,buy,-0.05%
AUROPHARMA,4/9/2024 10:15,4/10/2024 11:15,sell,0.04%
ICICIBANK,4/9/2024 11:15,4/12/2024 10:15,sell,-0.02%
SBIN,4/9/2024 11:15,4/9/2024 13:15,buy,0.04%
ABCAPITAL,4/9/2024 13:15,4/12/2024 15:15,buy,-0.05%
TRENT,4/10/2024 10:15,4/12/2024 15:15,buy,-0.04%
TVSMOTOR,4/10/2024 10:15,4/12/2024 14:15,sell,0.00%
MRF,4/10/2024 10:15,4/12/2024 13:15,buy,0.04%
RECLTD,4/10/2024 11:15,4/12/2024 12:15,buy,0.01%
PFC,4/10/2024 14:15,4/15/2024 10:15,buy,-0.02%
JUBLFOOD,4/12/2024 10:15,4/15/2024 10:15,sell,0.01%
POWERGRID,4/12/2024 10:15,4/12/2024 15:15,sell,-0.05%
BANKBARODA,4/12/2024 12:15,4/15/2024 10:15,sell,0.05%
PNB,4/12/2024 13:15,4/15/2024 12:15,buy,0.04%
BHEL,4/15/2024 11:15,4/16/2024 12:15,buy,0.02%
FEDERALBNK,4/16/2024 10:15,4/16/2024 13:15,buy,0.02%
CROMPTON,4/18/2024 10:15,4/18/2024 15:15,buy,-0.05%
HDFCAMC,4/18/2024 10:15,4/18/2024 15:15,buy,0.01%
INDIGO,4/18/2024 12:15,4/25/2024 10:15,sell,0.03%
CHOLAFIN,4/18/2024 13:15,4/19/2024 11:15,buy,0.04%
ASIANPAINT,4/22/2024 12:15,4/30/2024 12:15,sell,0.01%
ESCORTS,4/23/2024 12:15,4/24/2024 14:15,buy,-0.04%
COALINDIA,4/23/2024 13:15,4/25/2024 12:15,buy,0.01%
DABUR,4/23/2024 14:15,4/24/2024 15:15,buy,0.01%
CUMMINSIND,4/24/2024 10:15,4/25/2024 11:15,sell,-0.02%
NMDC,4/24/2024 10:15,4/30/2024 10:15,sell,-0.04%
ABB,4/24/2024 10:15,4/26/2024 10:15,buy,0.01%
M&M,4/24/2024 12:15,4/26/2024 10:15,sell,-0.04%
BRITANNIA,4/24/2024 12:15,4/26/2024 11:15,buy,0.00%
GODREJPROP,4/24/2024 14:15,4/26/2024 13:15,sell,0.05%
SIEMENS,4/25/2024 10:15,5/2/2024 11:15,sell,-0.04%
ALKEM,4/25/2024 10:15,4/29/2024 10:15,sell,-0.01%
COLPAL,4/25/2024 11:15,4/29/2024 10:15,buy,0.03%
DABUR,4/25/2024 12:15,4/26/2024 11:15,sell,-0.05%
GODREJCP,4/26/2024 10:15,4/30/2024 10:15,buy,0.05%
HINDUNILVR,4/26/2024 10:15,4/26/2024 15:15,sell,0.04%
MARICO,4/26/2024 11:15,5/7/2024 10:15,sell,-0.05%
JUBLFOOD,4/26/2024 11:15,4/30/2024 14:15,sell,-0.04%
BHARATFORG,4/26/2024 13:15,4/26/2024 15:15,sell,0.03%
HEROMOTOCO,4/26/2024 15:15,4/29/2024 14:15,buy,-0.02%
POLYCAB,4/26/2024 15:15,4/29/2024 14:15,buy,0.02%
ABB,4/29/2024 10:15,4/29/2024 15:15,sell,0.05%
UPL,4/29/2024 10:15,4/30/2024 15:15,buy,0.03%
SIEMENS,4/29/2024 14:15,4/30/2024 13:15,buy,0.03%
ASTRAL,4/29/2024 14:15,5/2/2024 13:15,sell,-0.01%
INDIGO,4/29/2024 15:15,4/30/2024 11:15,buy,-0.05%
ADANIENT,4/30/2024 10:15,4/30/2024 11:15,buy,-0.03%
BOSCHLTD,4/30/2024 10:15,4/30/2024 15:15,sell,-0.05%
CUMMINSIND,4/30/2024 11:15,4/30/2024 13:15,sell,0.01%
NATIONALUM,4/30/2024 11:15,5/6/2024 10:15,sell,0.04%
OBEROIRLTY,4/30/2024 12:15,5/6/2024 10:15,sell,-0.02%
VEDL,4/30/2024 13:15,5/2/2024 11:15,buy,0.04%
INDIGO,4/30/2024 13:15,5/3/2024 14:15,buy,0.01%
M&M,4/30/2024 14:15,5/2/2024 15:15,buy,0.05%
HAL,4/30/2024 15:15,5/2/2024 10:15,buy,0.01%
BHARTIARTL,5/2/2024 10:15,5/6/2024 10:15,buy,-0.05%
JINDALSTEL,5/2/2024 10:15,5/2/2024 12:15,buy,0.03%
ASTRAL,5/2/2024 11:15,5/2/2024 15:15,sell,-0.05%
HAVELLS,5/2/2024 11:15,5/6/2024 10:15,sell,-0.05%
M&M,5/2/2024 12:15,5/3/2024 11:15,sell,0.04%
CROMPTON,5/2/2024 13:15,5/7/2024 10:15,sell,-0.01%
BALKRISIND,5/2/2024 15:15,5/3/2024 11:15,buy,0.01%
IRCTC,5/2/2024 15:15,5/6/2024 12:15,buy,0.01%
ZYDUSLIFE,5/3/2024 11:15,5/3/2024 12:15,buy,0.01%
BEL,5/3/2024 11:15,5/6/2024 11:15,buy,0.03%
IEX,5/3/2024 13:15,5/3/2024 14:15,buy,0.01%
VEDL,5/3/2024 15:15,5/6/2024 10:15,sell,-0.01%
JINDALSTEL,5/6/2024 10:15,5/7/2024 11:15,sell,0.01%
HINDALCO,5/6/2024 10:15,5/7/2024 10:15,sell,-0.01%
COALINDIA,5/6/2024 11:15,5/9/2024 10:15,sell,0.05%
COFORGE,5/6/2024 11:15,5/7/2024 12:15,sell,-0.04%
HINDCOPPER,5/6/2024 11:15,5/7/2024 12:15,buy,-0.03%
LAURUSLABS,5/6/2024 12:15,5/7/2024 11:15,buy,-0.02%
CIPLA,5/7/2024 10:15,5/7/2024 12:15,sell,0.02%
GRANULES,5/7/2024 10:15,5/9/2024 14:15,buy,0.02%
HINDPETRO,5/7/2024 10:15,5/9/2024 11:15,sell,-0.05%
ADANIENT,5/7/2024 10:15,5/8/2024 11:15,buy,-0.03%
TECHM,5/7/2024 10:15,5/10/2024 11:15,sell,0.01%
M&M,5/7/2024 12:15,5/7/2024 15:15,buy,0.04%
TITAN,5/8/2024 14:15,5/10/2024 12:15,sell,-0.04%
RELIANCE,5/9/2024 10:15,5/9/2024 15:15,buy,0.03%
BIOCON,5/10/2024 14:15,5/10/2024 15:15,sell,0.04%
HAVELLS,5/13/2024 10:15,5/22/2024 10:15,sell,-0.03%
IDEA,5/13/2024 11:15,5/14/2024 10:15,sell,-0.04%
LT,5/13/2024 13:15,5/17/2024 10:15,buy,0.05%
ULTRACEMCO,5/14/2024 11:15,5/15/2024 12:15,sell,0.02%
HDFCBANK,5/14/2024 11:15,5/14/2024 12:15,buy,-0.05%
DIVISLAB,5/14/2024 12:15,5/16/2024 10:15,buy,-0.02%
GLENMARK,5/14/2024 12:15,5/15/2024 10:15,buy,-0.02%
PFC,5/14/2024 15:15,5/18/2024 13:15,buy,0.01%
VOLTAS,5/14/2024 15:15,5/16/2024 14:15,buy,0.02%
MOTHERSON,5/15/2024 10:15,5/21/2024 11:15,sell,-0.04%
PERSISTENT,5/15/2024 10:15,5/16/2024 11:15,buy,-0.03%
RECLTD,5/15/2024 12:15,5/17/2024 13:15,sell,0.01%
JUBLFOOD,5/15/2024 12:15,5/16/2024 13:15,buy,0.01%
MOTHERSON,5/15/2024 14:15,5/27/2024 10:15,sell,-0.01%
ADANIENT,5/16/2024 10:15,5/16/2024 14:15,buy,0.01%
ADANIPORTS,5/16/2024 11:15,5/17/2024 14:15,sell,0.03%
BANKBARODA,5/16/2024 13:15,5/18/2024 10:15,buy,-0.04%
BEL,5/16/2024 15:15,5/22/2024 10:15,buy,0.04%
COALINDIA,5/16/2024 15:15,5/21/2024 10:15,sell,0.04%
DIXON,5/17/2024 10:15,5/21/2024 12:15,sell,0.05%
GAIL,5/17/2024 13:15,5/23/2024 13:15,buy,-0.04%
POWERGRID,5/17/2024 14:15,5/23/2024 15:15,buy,-0.01%
SBIN,5/18/2024 10:15,5/21/2024 15:15,buy,-0.03%
INDUSINDBK,5/18/2024 13:15,5/27/2024 14:15,buy,-0.05%
CANBK,5/21/2024 10:15,5/22/2024 10:15,buy,0.03%
HINDUNILVR,5/21/2024 11:15,5/23/2024 10:15,sell,-0.02%
BRITANNIA,5/21/2024 12:15,5/23/2024 11:15,buy,0.05%
COLPAL,5/21/2024 15:15,5/22/2024 12:15,sell,0.05%
DABUR,5/22/2024 10:15,5/23/2024 12:15,sell,0.04%
GODREJCP,5/22/2024 10:15,5/28/2024 13:15,buy,-0.05%
HEROMOTOCO,5/22/2024 10:15,5/22/2024 11:15,buy,-0.02%
MARICO,5/22/2024 11:15,5/23/2024 10:15,sell,0.03%
UNITDSPR,5/22/2024 12:15,5/24/2024 10:15,sell,-0.01%
PIDILITIND,5/23/2024 10:15,5/24/2024 10:15,sell,0.01%
OFSS,5/23/2024 11:15,5/23/2024 14:15,sell,-0.02%
BSOFT,5/23/2024 12:15,5/27/2024 10:15,buy,0.02%
COFORGE,5/23/2024 12:15,5/24/2024 10:15,buy,-0.02%
HCLTECH,5/23/2024 13:15,5/24/2024 13:15,sell,0.03%
INFY,5/23/2024 14:15,5/24/2024 10:15,buy,-0.04%
LTIM,5/23/2024 15:15,5/24/2024 10:15,sell,0.03%
PERSISTENT,5/24/2024 10:15,5/24/2024 11:15,sell,-0.05%
TECHM,5/24/2024 10:15,5/27/2024 12:15,sell,0.04%
WIPRO,5/24/2024 10:15,5/27/2024 15:15,sell,0.05%
BIOCON,5/24/2024 10:15,5/29/2024 10:15,buy,0.03%
ABFRL,5/24/2024 10:15,5/27/2024 11:15,sell,0.02%
MOTHERSON,5/24/2024 11:15,5/29/2024 10:15,buy,-0.03%
RAMCOCEM,5/24/2024 13:15,5/31/2024 10:15,sell,0.01%
SHREECEM,5/27/2024 10:15,5/30/2024 11:15,sell,-0.01%
ULTRACEMCO,5/27/2024 10:15,5/29/2024 11:15,buy,0.04%
TATACOMM,5/27/2024 11:15,5/28/2024 12:15,buy,-0.05%
M&MFIN,5/27/2024 12:15,5/28/2024 12:15,sell,-0.05%
ICICIGI,5/27/2024 14:15,5/28/2024 13:15,sell,0.05%
SYNGENE,5/27/2024 15:15,5/28/2024 11:15,sell,0.03%
AARTIIND,5/28/2024 11:15,5/28/2024 12:15,sell,0.04%
TORNTPHARM,5/30/2024 14:15,6/3/2024 11:15,buy,-0.04%
LICHSGFIN,6/3/2024 10:15,6/4/2024 10:15,buy,0.05%
OFSS,6/3/2024 10:15,6/4/2024 10:15,buy,0.02%
TATAMOTORS,6/3/2024 10:15,6/4/2024 10:15,buy,-0.01%
FEDERALBNK,6/3/2024 10:15,6/4/2024 10:15,sell,0.02%
PETRONET,6/3/2024 10:15,6/3/2024 13:15,sell,0.04%
DEEPAKNTR,6/3/2024 10:15,6/4/2024 10:15,sell,0.05%
GODREJPROP,6/3/2024 10:15,6/4/2024 10:15,buy,0.04%
IEX,6/3/2024 10:15,6/4/2024 10:15,sell,0.02%
LTF,6/3/2024 10:15,6/4/2024 10:15,sell,0.05%
MANAPPURAM,6/3/2024 11:15,6/4/2024 10:15,sell,-0.01%
BOSCHLTD,6/3/2024 13:15,6/4/2024 10:15,buy,0.04%
HDFCLIFE,6/4/2024 13:15,6/6/2024 10:15,sell,0.03%
DIXON,6/5/2024 10:15,6/5/2024 12:15,sell,-0.01%
CHOLAFIN,6/5/2024 10:15,6/6/2024 10:15,buy,0.05%
SHRIRAMFIN,6/5/2024 10:15,6/5/2024 15:15,buy,-0.02%
SIEMENS,6/5/2024 10:15,6/6/2024 10:15,buy,-0.04%
ICICIGI,6/5/2024 10:15,6/6/2024 10:15,buy,-0.02%
MOTHERSON,6/5/2024 10:15,6/5/2024 15:15,sell,0.01%
ABB,6/5/2024 10:15,6/7/2024 14:15,buy,-0.04%
ICICIPRULI,6/5/2024 11:15,6/6/2024 10:15,sell,0.02%
BHARATFORG,6/6/2024 14:15,6/10/2024 10:15,buy,-0.02%
BEL,6/7/2024 10:15,6/10/2024 10:15,sell,-0.04%
HAL,6/7/2024 10:15,6/10/2024 10:15,buy,-0.03%
TITAN,6/7/2024 10:15,6/10/2024 10:15,buy,-0.02%
M&MFIN,6/7/2024 10:15,6/10/2024 10:15,sell,0.04%
IDFCFIRSTB,6/7/2024 10:15,6/10/2024 10:15,buy,0.02%
AARTIIND,6/7/2024 10:15,6/10/2024 10:15,buy,-0.04%
CHAMBLFERT,6/7/2024 10:15,6/10/2024 10:15,sell,0.00%
HDFCBANK,6/7/2024 10:15,6/10/2024 10:15,buy,0.04%
DEEPAKNTR,6/7/2024 14:15,6/12/2024 11:15,buy,0.02%
OFSS,6/10/2024 10:15,6/10/2024 14:15,buy,-0.04%
AXISBANK,6/10/2024 10:15,6/11/2024 15:15,buy,0.02%
AARTIIND,6/10/2024 10:15,6/11/2024 13:15,sell,-0.04%
INDHOTEL,6/10/2024 10:15,6/13/2024 11:15,sell,-0.02%
VEDL,6/10/2024 10:15,6/13/2024 11:15,sell,0.02%
BHARATFORG,6/10/2024 11:15,6/13/2024 10:15,sell,-0.03%
INFY,6/10/2024 12:15,6/10/2024 15:15,buy,-0.02%
PERSISTENT,6/10/2024 13:15,6/11/2024 10:15,sell,-0.05%
BANDHANBNK,6/10/2024 13:15,6/11/2024 12:15,sell,-0.05%
GRANULES,6/10/2024 14:15,6/11/2024 15:15,sell,0.01%
APOLLOTYRE,6/11/2024 11:15,6/11/2024 14:15,buy,-0.02%
HAVELLS,6/12/2024 10:15,6/14/2024 11:15,sell,0.03%
CUMMINSIND,6/12/2024 10:15,6/18/2024 14:15,buy,-0.04%
NAUKRI,6/12/2024 10:15,6/12/2024 15:15,buy,0.03%
PAGEIND,6/12/2024 13:15,6/13/2024 10:15,buy,0.03%
ASTRAL,6/12/2024 13:15,6/13/2024 14:15,buy,-0.04%
EXIDEIND,6/13/2024 10:15,6/14/2024 14:15,buy,0.03%
JUBLFOOD,6/13/2024 10:15,6/14/2024 10:15,buy,-0.02%
HDFCBANK,6/13/2024 10:15,6/14/2024 12:15,sell,0.05%
ICICIBANK,6/13/2024 10:15,6/18/2024 10:15,sell,-0.03%
SHRIRAMFIN,6/13/2024 10:15,6/14/2024 11:15,buy,-0.03%
APOLLOTYRE,6/13/2024 11:15,6/14/2024 10:15,buy,0.01%
AXISBANK,6/13/2024 11:15,6/13/2024 13:15,buy,0.04%
LICHSGFIN,6/13/2024 13:15,6/19/2024 15:15,sell,0.01%
NAUKRI,6/13/2024 14:15,6/19/2024 15:15,buy,-0.04%
BHARTIARTL,6/14/2024 10:15,6/20/2024 14:15,buy,0.01%
IDEA,6/14/2024 10:15,6/19/2024 12:15,buy,0.01%
RELIANCE,6/14/2024 11:15,6/14/2024 13:15,buy,0.04%
GRASIM,6/14/2024 11:15,6/24/2024 10:15,buy,0.01%
MANAPPURAM,6/14/2024 12:15,6/18/2024 10:15,buy,0.03%
ULTRACEMCO,6/14/2024 13:15,6/18/2024 10:15,buy,0.03%
DRREDDY,6/14/2024 14:15,6/18/2024 11:15,buy,0.03%
MUTHOOTFIN,6/18/2024 10:15,6/19/2024 10:15,sell,-0.03%
WIPRO,6/18/2024 10:15,6/19/2024 10:15,buy,-0.05%
LTIM,6/18/2024 10:15,6/19/2024 10:15,sell,-0.03%
INDUSTOWER,6/18/2024 11:15,6/18/2024 15:15,sell,-0.03%
INFY,6/18/2024 14:15,6/21/2024 12:15,buy,-0.01%
NTPC,6/18/2024 15:15,6/19/2024 10:15,buy,-0.04%
IGL,6/19/2024 10:15,6/21/2024 15:15,buy,-0.04%
MGL,6/19/2024 10:15,6/21/2024 10:15,buy,-0.03%
TATAMOTORS,6/19/2024 12:15,6/21/2024 12:15,buy,-0.04%
PERSISTENT,6/19/2024 12:15,6/20/2024 11:15,buy,-0.05%
DIXON,6/19/2024 14:15,6/21/2024 10:15,sell,-0.01%
APOLLOTYRE,6/20/2024 12:15,6/21/2024 10:15,buy,-0.04%
GODREJPROP,6/20/2024 12:15,6/21/2024 15:15,buy,0.04%
MPHASIS,6/20/2024 12:15,6/21/2024 10:15,sell,-0.01%
LTIM,6/20/2024 14:15,6/21/2024 13:15,sell,0.01%
AMBUJACEM,6/21/2024 10:15,6/21/2024 13:15,sell,0.01%
ULTRACEMCO,6/21/2024 10:15,6/21/2024 15:15,sell,-0.04%
GRASIM,6/21/2024 11:15,6/21/2024 13:15,buy,0.00%
ACC,6/21/2024 11:15,6/24/2024 10:15,buy,0.02%
DEEPAKNTR,6/21/2024 12:15,6/24/2024 10:15,buy,-0.03%
GODREJPROP,6/21/2024 12:15,6/24/2024 13:15,buy,0.04%
INFY,6/24/2024 12:15,6/25/2024 11:15,sell,-0.03%
TECHM,6/24/2024 14:15,6/25/2024 10:15,sell,-0.05%
HDFCBANK,6/24/2024 15:15,6/26/2024 13:15,buy,-0.05%
PFC,6/25/2024 10:15,6/27/2024 11:15,sell,0.01%
TATACONSUM,6/25/2024 10:15,6/25/2024 15:15,sell,0.01%
DRREDDY,6/25/2024 10:15,6/25/2024 11:15,sell,-0.03%
COFORGE,6/25/2024 13:15,6/26/2024 10:15,buy,-0.04%
HAL,6/25/2024 13:15,6/28/2024 10:15,buy,-0.03%
RECLTD,6/25/2024 13:15,6/27/2024 10:15,buy,0.05%
HCLTECH,6/25/2024 15:15,6/27/2024 10:15,sell,0.02%
LUPIN,6/25/2024 15:15,6/28/2024 10:15,buy,0.01%
LAURUSLABS,6/25/2024 15:15,6/26/2024 13:15,sell,0.03%
ZYDUSLIFE,6/26/2024 10:15,6/27/2024 11:15,sell,0.05%
BEL,6/26/2024 14:15,6/28/2024 11:15,buy,-0.04%
AUROPHARMA,6/26/2024 14:15,6/28/2024 11:15,sell,-0.01%
GLENMARK,6/26/2024 14:15,7/2/2024 10:15,buy,0.01%
ONGC,6/27/2024 10:15,6/28/2024 10:15,sell,-0.04%
MARICO,6/27/2024 10:15,6/28/2024 15:15,sell,-0.05%
DABUR,6/27/2024 10:15,6/27/2024 14:15,sell,0.04%
ITC,6/27/2024 11:15,7/1/2024 13:15,sell,0.05%
NATIONALUM,6/27/2024 11:15,6/27/2024 13:15,sell,-0.03%
GAIL,6/27/2024 13:15,7/4/2024 11:15,buy,0.05%
ALKEM,6/27/2024 14:15,6/28/2024 13:15,sell,0.01%
HDFCLIFE,6/28/2024 10:15,6/28/2024 12:15,sell,-0.04%
MARUTI,6/28/2024 10:15,6/28/2024 14:15,sell,-0.02%
HINDUNILVR,6/28/2024 10:15,6/28/2024 15:15,buy,-0.05%
BRITANNIA,6/28/2024 11:15,7/3/2024 10:15,sell,0.03%
EICHERMOT,6/28/2024 11:15,7/3/2024 10:15,buy,-0.01%
COLPAL,6/28/2024 12:15,7/1/2024 11:15,sell,0.04%
SBILIFE,6/28/2024 13:15,7/8/2024 10:15,sell,-0.05%
ASIANPAINT,6/28/2024 14:15,7/4/2024 11:15,sell,-0.03%
HINDPETRO,6/28/2024 15:15,7/2/2024 10:15,sell,0.03%
FEDERALBNK,6/28/2024 15:15,7/1/2024 14:15,sell,0.02%
MPHASIS,7/1/2024 11:15,7/1/2024 15:15,sell,-0.05%
AXISBANK,7/1/2024 13:15,7/1/2024 14:15,buy,0.00%
INFY,7/1/2024 14:15,7/2/2024 12:15,buy,0.04%
LTIM,7/1/2024 14:15,7/2/2024 12:15,buy,0.05%
MUTHOOTFIN,7/1/2024 15:15,7/4/2024 10:15,sell,0.03%
ONGC,7/2/2024 10:15,7/2/2024 12:15,sell,0.03%
TCS,7/2/2024 10:15,7/3/2024 11:15,buy,0.01%
WIPRO,7/2/2024 12:15,7/4/2024 13:15,sell,-0.03%
MANAPPURAM,7/2/2024 12:15,7/5/2024 14:15,buy,-0.03%
DALBHARAT,7/2/2024 12:15,7/2/2024 15:15,sell,0.02%
BRITANNIA,7/3/2024 10:15,7/4/2024 10:15,buy,0.02%
HCLTECH,7/3/2024 10:15,7/5/2024 15:15,buy,-0.04%
AUROPHARMA,7/3/2024 11:15,7/4/2024 15:15,buy,-0.03%
DRREDDY,7/3/2024 12:15,7/3/2024 14:15,buy,0.00%
SBILIFE,7/4/2024 10:15,7/8/2024 11:15,buy,0.01%
SBIN,7/4/2024 10:15,7/5/2024 12:15,buy,-0.05%
ITC,7/4/2024 10:15,7/12/2024 15:15,sell,-0.02%
PEL,7/4/2024 11:15,7/5/2024 10:15,sell,-0.04%
HINDUNILVR,7/4/2024 11:15,7/12/2024 10:15,sell,-0.02%
COLPAL,7/4/2024 13:15,7/8/2024 12:15,buy,0.00%
MARICO,7/4/2024 15:15,7/8/2024 15:15,buy,0.01%
APOLLOHOSP,7/5/2024 10:15,7/9/2024 12:15,buy,0.03%
BAJAJFINSV,7/5/2024 12:15,7/10/2024 11:15,buy,0.01%
TCS,7/5/2024 14:15,7/9/2024 11:15,sell,-0.02%
INFY,7/5/2024 15:15,7/10/2024 10:15,buy,-0.01%
WIPRO,7/8/2024 10:15,7/9/2024 10:15,sell,0.00%
LTIM,7/8/2024 11:15,7/8/2024 14:15,sell,-0.05%
INDHOTEL,7/8/2024 12:15,7/12/2024 13:15,sell,-0.05%
TATACONSUM,7/8/2024 14:15,7/9/2024 11:15,buy,0.05%
HINDUNILVR,7/8/2024 15:15,7/10/2024 10:15,buy,-0.03%
TITAN,7/9/2024 10:15,7/10/2024 10:15,buy,0.05%
INDUSTOWER,7/9/2024 11:15,7/12/2024 10:15,buy,-0.05%
COFORGE,7/9/2024 11:15,7/10/2024 14:15,buy,-0.04%
ITC,7/9/2024 12:15,7/10/2024 11:15,sell,-0.01%
UNITDSPR,7/10/2024 10:15,7/12/2024 10:15,buy,0.03%
ICICIPRULI,7/10/2024 10:15,7/10/2024 11:15,sell,-0.04%
MFSL,7/10/2024 13:15,7/11/2024 10:15,buy,-0.04%
HDFCLIFE,7/10/2024 13:15,7/12/2024 10:15,buy,-0.02%
MRF,7/10/2024 14:15,7/12/2024 10:15,sell,-0.03%
TATAMOTORS,7/11/2024 11:15,7/12/2024 12:15,sell,-0.03%
BIOCON,7/12/2024 10:15,7/15/2024 11:15,sell,-0.02%
SUNPHARMA,7/12/2024 10:15,7/18/2024 12:15,buy,0.04%
IOC,7/12/2024 11:15,7/12/2024 14:15,buy,-0.01%
PETRONET,7/12/2024 11:15,7/16/2024 15:15,sell,-0.05%
ASHOKLEY,7/12/2024 11:15,7/15/2024 10:15,sell,0.01%
GRANULES,7/12/2024 11:15,7/12/2024 12:15,buy,-0.03%
SBILIFE,7/12/2024 11:15,7/19/2024 10:15,buy,0.05%
APOLLOHOSP,7/12/2024 12:15,7/16/2024 13:15,buy,0.04%
BANDHANBNK,7/12/2024 12:15,7/15/2024 14:15,sell,-0.05%
DIVISLAB,7/12/2024 13:15,7/15/2024 13:15,sell,-0.02%
PNB,7/12/2024 14:15,7/15/2024 15:15,buy,-0.05%
BHARATFORG,7/15/2024 10:15,7/15/2024 14:15,buy,0.02%
PEL,7/15/2024 10:15,7/15/2024 12:15,sell,-0.02%
PIIND,7/15/2024 11:15,7/16/2024 13:15,buy,0.01%
SRF,7/15/2024 12:15,7/16/2024 10:15,buy,0.04%
BPCL,7/15/2024 13:15,7/19/2024 14:15,sell,0.03%
COLPAL,7/15/2024 14:15,7/19/2024 10:15,sell,0.05%
HINDPETRO,7/16/2024 10:15,7/19/2024 14:15,buy,0.02%
IOC,7/16/2024 10:15,7/18/2024 11:15,buy,0.01%
TRENT,7/16/2024 11:15,7/22/2024 11:15,sell,0.04%
GRANULES,7/16/2024 13:15,7/18/2024 13:15,buy,0.02%
TATACHEM,7/16/2024 13:15,7/19/2024 10:15,buy,0.01%
DIXON,7/18/2024 10:15,7/18/2024 11:15,buy,0.05%
POLYCAB,7/18/2024 11:15,7/22/2024 11:15,buy,0.05%
AARTIIND,7/18/2024 11:15,7/22/2024 13:15,sell,0.04%
ASIANPAINT,7/18/2024 14:15,7/23/2024 13:15,buy,0.02%
DEEPAKNTR,7/18/2024 14:15,7/19/2024 10:15,buy,0.04%
MARUTI,7/19/2024 13:15,7/19/2024 15:15,buy,-0.03%
LUPIN,7/22/2024 13:15,7/23/2024 13:15,buy,0.02%
MUTHOOTFIN,7/23/2024 11:15,7/24/2024 10:15,sell,-0.03%
NTPC,7/23/2024 12:15,7/23/2024 15:15,buy,0.04%
TATAPOWER,7/23/2024 12:15,7/25/2024 10:15,sell,-0.05%
IEX,7/23/2024 14:15,7/24/2024 10:15,sell,0.03%
CIPLA,7/24/2024 10:15,7/25/2024 10:15,sell,-0.04%
SYNGENE,7/24/2024 10:15,7/25/2024 11:15,sell,0.02%
ALKEM,7/24/2024 10:15,7/26/2024 10:15,buy,-0.03%
LUPIN,7/24/2024 13:15,7/29/2024 11:15,sell,-0.04%
TRENT,7/24/2024 13:15,7/26/2024 15:15,buy,-0.01%
JUBLFOOD,7/24/2024 15:15,7/29/2024 10:15,buy,-0.02%
FEDERALBNK,7/24/2024 15:15,7/26/2024 10:15,buy,0.03%
AUROPHARMA,7/25/2024 10:15,8/1/2024 11:15,sell,0.05%
TCS,7/25/2024 11:15,7/29/2024 10:15,buy,-0.01%
HAVELLS,7/25/2024 14:15,7/29/2024 11:15,sell,0.02%
INFY,7/25/2024 15:15,7/26/2024 12:15,sell,-0.04%
MCX,7/25/2024 15:15,7/29/2024 11:15,buy,0.02%
MPHASIS,7/26/2024 10:15,7/30/2024 10:15,sell,-0.04%
WIPRO,7/26/2024 10:15,7/30/2024 10:15,buy,-0.02%
DLF,7/26/2024 12:15,7/29/2024 10:15,sell,0.01%
HCLTECH,7/26/2024 15:15,7/30/2024 10:15,buy,0.03%
TECHM,7/29/2024 10:15,8/1/2024 10:15,sell,-0.04%
GLENMARK,7/29/2024 10:15,7/31/2024 10:15,sell,-0.03%
DIXON,7/29/2024 10:15,7/30/2024 11:15,sell,0.05%
BPCL,7/29/2024 11:15,7/30/2024 10:15,buy,-0.02%
SHRIRAMFIN,7/29/2024 11:15,7/29/2024 14:15,buy,-0.02%
BAJAJFINSV,7/29/2024 11:15,8/1/2024 10:15,buy,0.03%
HINDALCO,7/29/2024 14:15,8/2/2024 10:15,buy,0.01%
ASIANPAINT,7/30/2024 10:15,7/31/2024 12:15,buy,-0.04%
CROMPTON,7/30/2024 10:15,8/1/2024 10:15,sell,-0.04%
TITAN,7/30/2024 10:15,7/30/2024 15:15,sell,-0.02%
VEDL,7/30/2024 10:15,7/30/2024 15:15,sell,0.01%
SBILIFE,7/30/2024 11:15,8/1/2024 13:15,sell,0.01%
M&MFIN,7/30/2024 15:15,8/5/2024 11:15,buy,0.05%
RBLBANK,7/30/2024 15:15,8/1/2024 11:15,buy,0.03%
GRASIM,7/31/2024 10:15,7/31/2024 14:15,buy,0.01%
IDFCFIRSTB,7/31/2024 12:15,8/1/2024 15:15,sell,0.03%
DABUR,7/31/2024 14:15,8/1/2024 12:15,buy,-0.05%
TRENT,8/1/2024 10:15,8/5/2024 11:15,sell,0.02%
INDIGO,8/1/2024 10:15,8/1/2024 11:15,buy,0.03%
TVSMOTOR,8/1/2024 10:15,8/1/2024 12:15,buy,-0.03%
BAJAJ-AUTO,8/1/2024 11:15,8/5/2024 10:15,buy,-0.02%
DIXON,8/1/2024 11:15,8/5/2024 10:15,buy,0.03%
ESCORTS,8/1/2024 11:15,8/2/2024 10:15,sell,-0.02%
ICICIBANK,8/1/2024 12:15,8/2/2024 15:15,sell,-0.05%
INDHOTEL,8/2/2024 11:15,8/5/2024 11:15,sell,0.02%
MOTHERSON,8/8/2024 10:15,8/8/2024 13:15,sell,-0.03%
VOLTAS,8/8/2024 10:15,8/8/2024 13:15,sell,-0.05%
HINDALCO,8/8/2024 11:15,8/9/2024 13:15,sell,-0.04%
JSWSTEEL,8/9/2024 10:15,8/13/2024 12:15,sell,0.02%
ALKEM,8/9/2024 13:15,8/20/2024 10:15,buy,-0.03%
LT,8/12/2024 11:15,8/14/2024 11:15,sell,0.04%
NATIONALUM,8/13/2024 11:15,8/13/2024 13:15,buy,-0.04%
SBICARD,8/13/2024 12:15,8/13/2024 15:15,sell,0.00%
ICICIGI,8/16/2024 10:15,8/22/2024 10:15,buy,0.03%
SBILIFE,8/16/2024 11:15,8/19/2024 14:15,sell,-0.01%
CHOLAFIN,8/16/2024 12:15,8/21/2024 12:15,sell,0.01%
LTIM,8/16/2024 12:15,8/20/2024 14:15,buy,0.04%
RECLTD,8/16/2024 12:15,8/22/2024 15:15,sell,0.05%
INDIGO,8/16/2024 12:15,8/21/2024 13:15,sell,0.04%
INFY,8/16/2024 14:15,8/19/2024 10:15,sell,0.05%
BHARTIARTL,8/16/2024 14:15,8/20/2024 12:15,sell,0.04%
LUPIN,8/16/2024 15:15,8/21/2024 12:15,buy,-0.04%
BAJFINANCE,8/19/2024 10:15,8/22/2024 10:15,sell,0.04%
BSOFT,8/19/2024 14:15,8/20/2024 15:15,sell,-0.04%
AUBANK,8/20/2024 10:15,8/21/2024 12:15,buy,0.01%
NAUKRI,8/20/2024 12:15,8/21/2024 14:15,sell,0.01%
PFC,8/20/2024 14:15,9/3/2024 14:15,buy,0.01%
ALKEM,8/20/2024 15:15,8/22/2024 13:15,sell,-0.03%
DALBHARAT,8/21/2024 12:15,8/23/2024 11:15,buy,0.01%
IGL,8/21/2024 12:15,8/22/2024 11:15,buy,0.04%
MCX,8/21/2024 12:15,8/23/2024 10:15,buy,0.01%
TORNTPHARM,8/21/2024 13:15,8/23/2024 12:15,buy,-0.04%
AUBANK,8/21/2024 14:15,8/23/2024 10:15,buy,-0.05%
SHREECEM,8/22/2024 10:15,8/22/2024 11:15,buy,0.05%
INDUSTOWER,8/22/2024 10:15,8/23/2024 10:15,sell,0.03%
PIDILITIND,8/22/2024 11:15,8/23/2024 10:15,buy,-0.03%
HCLTECH,8/22/2024 11:15,8/23/2024 14:15,sell,0.02%
INDUSINDBK,8/22/2024 13:15,8/23/2024 13:15,sell,0.04%
SBICARD,8/22/2024 15:15,8/23/2024 15:15,sell,-0.03%
HEROMOTOCO,8/23/2024 10:15,8/27/2024 10:15,sell,0.05%
SBILIFE,8/23/2024 10:15,8/26/2024 13:15,sell,0.00%
MCX,8/23/2024 11:15,9/4/2024 10:15,sell,0.03%
HAL,8/23/2024 11:15,8/27/2024 10:15,buy,0.04%
PIDILITIND,8/23/2024 14:15,8/26/2024 11:15,sell,0.00%
BERGEPAINT,8/26/2024 10:15,8/28/2024 10:15,sell,0.03%
BIOCON,8/26/2024 10:15,8/28/2024 11:15,buy,-0.03%
ACC,8/26/2024 10:15,8/28/2024 10:15,sell,-0.04%
ICICIGI,8/26/2024 12:15,8/27/2024 11:15,sell,-0.05%
LAURUSLABS,8/26/2024 14:15,8/27/2024 13:15,sell,0.02%
SYNGENE,8/26/2024 14:15,8/27/2024 10:15,buy,-0.02%
ULTRACEMCO,8/27/2024 10:15,8/27/2024 12:15,sell,-0.02%
HINDPETRO,8/27/2024 10:15,8/28/2024 10:15,buy,-0.05%
TITAN,8/27/2024 10:15,8/28/2024 11:15,buy,-0.03%
BOSCHLTD,8/27/2024 11:15,8/28/2024 13:15,sell,-0.01%
UPL,8/27/2024 12:15,8/28/2024 13:15,sell,0.05%
COFORGE,8/27/2024 13:15,8/29/2024 15:15,sell,-0.03%
SBICARD,8/28/2024 10:15,8/29/2024 14:15,buy,-0.02%
ASIANPAINT,8/28/2024 10:15,8/30/2024 10:15,buy,0.05%
HINDUNILVR,8/28/2024 10:15,8/29/2024 12:15,sell,0.00%
DIVISLAB,8/28/2024 11:15,8/29/2024 10:15,sell,-0.04%
INDHOTEL,8/28/2024 11:15,8/29/2024 14:15,sell,-0.02%
LAURUSLABS,8/28/2024 13:15,9/2/2024 10:15,buy,0.04%
BALKRISIND,8/28/2024 13:15,8/29/2024 10:15,buy,0.02%
LTIM,8/29/2024 10:15,9/3/2024 11:15,buy,-0.04%
TATAPOWER,8/29/2024 10:15,8/30/2024 11:15,sell,-0.05%
ASIANPAINT,8/29/2024 12:15,8/29/2024 13:15,buy,0.02%
BAJAJ-AUTO,8/29/2024 14:15,8/30/2024 13:15,buy,0.04%
AUBANK,8/29/2024 15:15,8/30/2024 15:15,sell,-0.02%
GODREJCP,8/30/2024 10:15,9/2/2024 13:15,buy,-0.03%
HAVELLS,8/30/2024 10:15,9/3/2024 13:15,buy,-0.04%
INDIGO,8/30/2024 10:15,8/30/2024 11:15,buy,-0.05%
BRITANNIA,8/30/2024 11:15,9/3/2024 12:15,sell,-0.03%
BHARTIARTL,8/30/2024 11:15,8/30/2024 14:15,buy,0.03%
EICHERMOT,8/30/2024 13:15,9/3/2024 10:15,sell,-0.05%
JINDALSTEL,8/30/2024 14:15,9/2/2024 14:15,buy,-0.02%
MUTHOOTFIN,8/30/2024 15:15,9/2/2024 10:15,buy,-0.03%
SHRIRAMFIN,9/2/2024 10:15,9/3/2024 15:15,buy,-0.02%
INDUSINDBK,9/2/2024 11:15,9/3/2024 15:15,sell,-0.03%
WIPRO,9/2/2024 14:15,9/3/2024 14:15,buy,-0.05%
AXISBANK,9/3/2024 10:15,9/3/2024 14:15,buy,0.04%
PEL,9/3/2024 11:15,9/4/2024 11:15,sell,0.05%
BAJFINANCE,9/3/2024 15:15,9/4/2024 13:15,sell,0.02%
OFSS,9/4/2024 10:15,9/6/2024 10:15,sell,-0.04%
VOLTAS,9/4/2024 11:15,9/4/2024 14:15,sell,-0.04%
DIXON,9/4/2024 12:15,9/5/2024 10:15,buy,-0.03%
MCX,9/4/2024 13:15,9/5/2024 13:15,buy,0.03%
VEDL,9/4/2024 15:15,9/5/2024 15:15,buy,-0.04%
NATIONALUM,9/5/2024 10:15,9/6/2024 10:15,buy,0.01%
IGL,9/5/2024 10:15,9/5/2024 15:15,sell,-0.01%
HEROMOTOCO,9/5/2024 10:15,9/5/2024 15:15,buy,0.02%
BAJAJ-AUTO,9/5/2024 10:15,9/5/2024 15:15,sell,-0.01%
LT,9/5/2024 10:15,9/5/2024 13:15,buy,-0.03%
HDFCBANK,9/5/2024 11:15,9/6/2024 10:15,buy,-0.02%
ICICIBANK,9/5/2024 11:15,9/6/2024 10:15,sell,-0.01%
M&M,9/5/2024 13:15,9/6/2024 10:15,buy,-0.05%
MOTHERSON,9/5/2024 13:15,9/6/2024 10:15,sell,-0.01%
SHRIRAMFIN,9/6/2024 10:15,9/9/2024 11:15,sell,0.03%
NTPC,9/6/2024 10:15,9/9/2024 14:15,buy,-0.02%
ICICIGI,9/6/2024 14:15,9/9/2024 12:15,buy,-0.03%
INDUSINDBK,9/9/2024 13:15,9/10/2024 10:15,buy,-0.05%
NESTLEIND,9/10/2024 10:15,9/13/2024 10:15,sell,-0.05%
AUBANK,9/10/2024 10:15,9/11/2024 14:15,sell,-0.01%
JUBLFOOD,9/10/2024 10:15,9/11/2024 14:15,sell,0.03%
KOTAKBANK,9/10/2024 11:15,9/16/2024 10:15,buy,-0.04%
MARUTI,9/10/2024 13:15,9/11/2024 10:15,buy,-0.04%
ESCORTS,9/10/2024 13:15,9/11/2024 13:15,sell,0.02%
ICICIGI,9/11/2024 10:15,9/13/2024 10:15,sell,-0.04%
M&M,9/11/2024 10:15,9/16/2024 12:15,buy,0.05%
BOSCHLTD,9/11/2024 11:15,9/12/2024 11:15,buy,-0.05%
GODREJPROP,9/11/2024 11:15,9/11/2024 13:15,buy,0.00%
HAVELLS,9/12/2024 10:15,9/13/2024 12:15,buy,-0.03%
DLF,9/12/2024 11:15,9/13/2024 12:15,sell,0.02%
LTF,9/12/2024 14:15,9/13/2024 10:15,buy,0.01%
BAJAJ-AUTO,9/12/2024 15:15,9/13/2024 14:15,sell,0.05%
ASTRAL,9/12/2024 15:15,9/13/2024 10:15,sell,0.01%
TATASTEEL,9/13/2024 10:15,9/18/2024 11:15,sell,-0.02%
ADANIENT,9/13/2024 10:15,9/13/2024 12:15,sell,-0.01%
POWERGRID,9/13/2024 10:15,9/13/2024 14:15,buy,0.01%
APOLLOTYRE,9/13/2024 11:15,9/17/2024 10:15,sell,-0.05%
LTF,9/13/2024 11:15,9/17/2024 14:15,sell,0.03%
MARUTI,9/13/2024 12:15,9/19/2024 12:15,buy,-0.03%
TATACOMM,9/13/2024 12:15,9/16/2024 10:15,buy,-0.04%
TRENT,9/13/2024 13:15,9/16/2024 10:15,sell,0.01%
BAJAJFINSV,9/13/2024 14:15,9/17/2024 15:15,buy,0.04%
BAJAJ-AUTO,9/13/2024 14:15,9/17/2024 10:15,sell,0.02%
GAIL,9/16/2024 10:15,9/19/2024 10:15,buy,-0.04%
VEDL,9/16/2024 13:15,9/19/2024 10:15,sell,0.02%
SAIL,9/16/2024 13:15,9/16/2024 14:15,buy,0.01%
HINDALCO,9/16/2024 14:15,9/17/2024 12:15,buy,0.03%
NATIONALUM,9/17/2024 10:15,9/18/2024 11:15,buy,-0.04%
POLYCAB,9/17/2024 12:15,9/18/2024 13:15,buy,0.01%
SUNPHARMA,9/17/2024 14:15,9/18/2024 13:15,buy,0.05%
BPCL,9/18/2024 10:15,9/19/2024 10:15,buy,-0.04%
IOC,9/18/2024 11:15,9/26/2024 10:15,buy,-0.01%
NMDC,9/18/2024 11:15,9/23/2024 10:15,buy,-0.05%
ADANIENT,9/18/2024 11:15,9/18/2024 14:15,sell,0.01%
AMBUJACEM,9/18/2024 11:15,9/20/2024 10:15,sell,0.01%
GAIL,9/18/2024 13:15,9/19/2024 12:15,buy,-0.02%
EXIDEIND,9/19/2024 10:15,9/19/2024 14:15,buy,0.03%
NATIONALUM,9/19/2024 11:15,9/19/2024 13:15,buy,0.05%
CHAMBLFERT,9/19/2024 11:15,9/19/2024 12:15,buy,-0.02%
TATACHEM,9/19/2024 11:15,9/19/2024 15:15,buy,-0.04%
FEDERALBNK,9/19/2024 13:15,9/20/2024 11:15,buy,0.00%
POLYCAB,9/20/2024 10:15,9/23/2024 12:15,sell,0.01%
BRITANNIA,9/20/2024 10:15,9/24/2024 11:15,buy,-0.05%
GRANULES,9/20/2024 11:15,9/23/2024 14:15,sell,0.04%
JSWSTEEL,9/20/2024 12:15,9/26/2024 11:15,sell,0.02%
PETRONET,9/20/2024 12:15,9/24/2024 11:15,sell,0.05%
TRENT,9/20/2024 13:15,9/26/2024 10:15,buy,-0.04%
DIVISLAB,9/20/2024 15:15,9/30/2024 15:15,sell,-0.04%
SIEMENS,9/23/2024 10:15,9/26/2024 12:15,sell,-0.02%
GLENMARK,9/23/2024 10:15,9/24/2024 10:15,buy,0.02%
PAGEIND,9/23/2024 12:15,9/25/2024 10:15,buy,0.05%
DIXON,9/23/2024 14:15,9/24/2024 15:15,buy,-0.05%
MCX,9/24/2024 10:15,9/25/2024 13:15,buy,-0.02%
OBEROIRLTY,9/24/2024 11:15,9/25/2024 11:15,sell,0.04%
LAURUSLABS,9/24/2024 11:15,10/1/2024 10:15,buy,-0.04%
PERSISTENT,9/24/2024 15:15,9/26/2024 13:15,sell,-0.04%
HDFCAMC,9/25/2024 10:15,9/26/2024 10:15,buy,0.02%
DEEPAKNTR,9/25/2024 11:15,9/26/2024 10:15,sell,0.02%
HCLTECH,9/25/2024 14:15,9/26/2024 10:15,sell,0.03%
HINDPETRO,9/26/2024 10:15,9/30/2024 13:15,buy,-0.03%
VOLTAS,9/26/2024 10:15,9/27/2024 11:15,sell,0.05%
GODREJPROP,9/26/2024 10:15,9/27/2024 10:15,sell,0.03%
HAL,9/26/2024 11:15,9/30/2024 12:15,buy,-0.01%
MFSL,9/26/2024 12:15,9/27/2024 10:15,buy,0.05%
COFORGE,9/26/2024 12:15,9/30/2024 10:15,buy,0.01%
ICICIBANK,9/26/2024 12:15,10/3/2024 12:15,sell,-0.02%
EICHERMOT,9/26/2024 13:15,9/27/2024 12:15,buy,0.01%
SBIN,9/27/2024 10:15,9/27/2024 13:15,buy,-0.02%
BEL,9/27/2024 10:15,9/27/2024 13:15,buy,0.05%
LICHSGFIN,9/27/2024 11:15,9/30/2024 11:15,sell,0.01%
WIPRO,9/27/2024 12:15,9/30/2024 11:15,sell,0.03%
LT,9/27/2024 13:15,10/3/2024 10:15,sell,0.03%
CIPLA,9/27/2024 13:15,10/1/2024 11:15,buy,0.02%
DIXON,9/30/2024 10:15,10/1/2024 11:15,buy,-0.05%
SBIN,9/30/2024 11:15,9/30/2024 13:15,buy,-0.04%
NMDC,9/30/2024 11:15,9/30/2024 15:15,buy,0.05%
POLYCAB,9/30/2024 12:15,10/1/2024 15:15,buy,-0.05%
NATIONALUM,9/30/2024 13:15,10/3/2024 11:15,sell,0.01%
ADANIENT,9/30/2024 13:15,10/3/2024 12:15,sell,-0.02%
DEEPAKNTR,10/1/2024 10:15,10/3/2024 12:15,buy,-0.01%
APOLLOHOSP,10/1/2024 12:15,10/3/2024 12:15,buy,0.00%
CHAMBLFERT,10/1/2024 13:15,10/1/2024 15:15,sell,0.00%
SAIL,10/1/2024 13:15,10/4/2024 13:15,sell,-0.02%
SRF,10/1/2024 14:15,10/3/2024 11:15,buy,-0.02%
PIIND,10/3/2024 10:15,10/4/2024 10:15,buy,-0.04%
SYNGENE,10/3/2024 10:15,10/3/2024 15:15,sell,-0.04%
INDHOTEL,10/3/2024 10:15,10/4/2024 14:15,sell,0.01%
PAGEIND,10/8/2024 14:15,10/10/2024 12:15,buy,0.03%
ASHOKLEY,10/9/2024 10:15,10/15/2024 13:15,buy,0.01%
POWERGRID,10/9/2024 11:15,10/11/2024 10:15,sell,-0.02%
BIOCON,10/9/2024 12:15,10/10/2024 13:15,sell,0.01%
INFY,10/9/2024 13:15,10/17/2024 10:15,sell,0.04%
RAMCOCEM,10/10/2024 10:15,10/17/2024 10:15,sell,-0.02%
JUBLFOOD,10/10/2024 10:15,10/16/2024 13:15,buy,-0.03%
MUTHOOTFIN,10/14/2024 10:15,10/17/2024 10:15,buy,0.03%
INDHOTEL,10/14/2024 14:15,10/15/2024 12:15,buy,0.01%
POWERGRID,10/14/2024 14:15,10/16/2024 12:15,sell,-0.02%
ULTRACEMCO,10/15/2024 13:15,10/17/2024 11:15,sell,0.03%
COFORGE,10/16/2024 10:15,10/16/2024 12:15,sell,-0.02%
GODREJPROP,10/16/2024 10:15,10/16/2024 12:15,buy,0.05%
HAVELLS,10/16/2024 10:15,10/17/2024 11:15,buy,0.05%
INDIGO,10/16/2024 10:15,10/17/2024 10:15,sell,0.03%
LT,10/16/2024 13:15,10/17/2024 10:15,buy,0.01%
RAMCOCEM,10/16/2024 13:15,10/17/2024 10:15,buy,-0.05%
SHREECEM,10/23/2024 13:15,10/25/2024 12:15,sell,-0.02%
NAUKRI,10/24/2024 13:15,10/25/2024 10:15,buy,-0.04%
KOTAKBANK,10/29/2024 14:15,10/30/2024 10:15,buy,-0.05%
ABB,10/29/2024 15:15,10/30/2024 15:15,buy,0.01%
IDEA,10/29/2024 15:15,10/30/2024 14:15,buy,-0.02%
INDUSTOWER,10/30/2024 10:15,10/30/2024 14:15,sell,0.01%
MPHASIS,10/30/2024 10:15,10/30/2024 14:15,sell,0.04%
COLPAL,10/30/2024 10:15,10/30/2024 14:15,sell,-0.02%
LAURUSLABS,10/31/2024 10:15,11/4/2024 10:15,buy,0.02%
APOLLOTYRE,11/5/2024 10:15,11/6/2024 12:15,buy,0.04%
MARICO,11/6/2024 10:15,11/8/2024 11:15,buy,-0.04%
SYNGENE,11/6/2024 11:15,11/7/2024 10:15,buy,0.02%
PEL,11/6/2024 12:15,11/7/2024 12:15,sell,0.04%
POLYCAB,11/6/2024 12:15,11/7/2024 15:15,buy,0.04%
BIOCON,11/6/2024 13:15,11/7/2024 11:15,buy,0.05%
CHAMBLFERT,11/6/2024 14:15,11/7/2024 10:15,sell,-0.02%
HDFCBANK,11/6/2024 14:15,11/8/2024 10:15,buy,-0.02%
IEX,11/7/2024 10:15,11/11/2024 10:15,buy,0.01%
HAL,11/7/2024 10:15,11/7/2024 15:15,buy,-0.02%
EXIDEIND,11/7/2024 10:15,11/7/2024 12:15,buy,0.01%
LAURUSLABS,11/7/2024 10:15,11/8/2024 12:15,buy,-0.05%
SYNGENE,11/7/2024 14:15,11/8/2024 10:15,buy,-0.05%
RAMCOCEM,11/7/2024 15:15,11/8/2024 11:15,buy,0.01%
ADANIGREEN,11/8/2024 10:15,11/13/2024 10:15,sell,0.04%
DIXON,11/8/2024 10:15,11/12/2024 13:15,sell,0.05%
LICI,11/11/2024 10:15,11/11/2024 14:15,sell,-0.03%
M&MFIN,11/11/2024 11:15,11/12/2024 13:15,buy,-0.04%
MAXHEALTH,11/11/2024 13:15,11/13/2024 10:15,buy,-0.05%
TATAELXSI,11/12/2024 10:15,11/13/2024 10:15,buy,0.03%
TVSMOTOR,11/12/2024 10:15,11/12/2024 12:15,sell,-0.04%
IGL,11/12/2024 11:15,11/12/2024 15:15,buy,-0.05%
MGL,11/18/2024 13:15,11/19/2024 12:15,buy,0.03%
AMBUJACEM,11/21/2024 12:15,11/26/2024 10:15,sell,0.01%
GRANULES,11/22/2024 10:15,11/26/2024 14:15,sell,-0.02%
MANAPPURAM,11/22/2024 10:15,11/26/2024 10:15,sell,0.04%
SAIL,11/25/2024 10:15,11/28/2024 10:15,buy,-0.01%
ANGELONE,11/25/2024 10:15,11/26/2024 13:15,buy,-0.04%
BALKRISIND,11/25/2024 10:15,11/25/2024 13:15,sell,-0.03%
JIOFIN,11/25/2024 10:15,12/3/2024 11:15,buy,0.01%
CANBK,11/25/2024 10:15,11/26/2024 11:15,sell,0.03%
APOLLOTYRE,11/25/2024 10:15,11/26/2024 10:15,buy,0.05%
BANKBARODA,11/25/2024 10:15,11/26/2024 10:15,sell,0.01%
CDSL,11/25/2024 13:15,11/25/2024 15:15,buy,0.02%
GAIL,11/25/2024 15:15,11/26/2024 11:15,buy,0.04%
MAXHEALTH,11/26/2024 10:15,11/28/2024 10:15,sell,-0.03%
MRF,11/26/2024 10:15,11/26/2024 12:15,sell,-0.01%
BSE,11/26/2024 10:15,11/26/2024 12:15,buy,0.03%
TITAN,11/26/2024 10:15,11/27/2024 15:15,buy,-0.02%
BOSCHLTD,11/26/2024 11:15,11/29/2024 10:15,buy,-0.05%
IRFC,11/26/2024 11:15,11/28/2024 11:15,buy,-0.02%
MCX,11/26/2024 12:15,11/27/2024 10:15,buy,-0.04%
POLICYBZR,11/26/2024 12:15,11/28/2024 15:15,sell,-0.04%
VEDL,11/26/2024 13:15,11/28/2024 10:15,sell,0.00%
JUBLFOOD,11/26/2024 14:15,11/28/2024 14:15,buy,-0.02%
IRB,11/27/2024 10:15,12/3/2024 12:15,buy,0.04%
ANGELONE,11/27/2024 15:15,12/3/2024 15:15,sell,-0.04%
LT,11/28/2024 10:15,12/6/2024 12:15,buy,-0.05%
GMRAIRPORT,11/28/2024 10:15,11/28/2024 11:15,sell,-0.01%
INDHOTEL,11/28/2024 10:15,11/29/2024 13:15,sell,-0.03%
JINDALSTEL,11/28/2024 11:15,11/29/2024 11:15,buy,0.01%
DELHIVERY,11/28/2024 12:15,11/29/2024 10:15,sell,0.04%
LTIM,11/29/2024 10:15,12/3/2024 10:15,sell,0.05%
MUTHOOTFIN,11/29/2024 11:15,12/3/2024 10:15,buy,-0.02%
NMDC,11/29/2024 14:15,12/3/2024 13:15,buy,-0.02%
WIPRO,12/2/2024 10:15,12/3/2024 10:15,buy,0.02%
MPHASIS,12/2/2024 10:15,12/5/2024 13:15,sell,-0.05%
CHOLAFIN,12/2/2024 10:15,12/3/2024 10:15,sell,-0.04%
CYIENT,12/3/2024 10:15,12/4/2024 11:15,buy,0.00%
VEDL,12/3/2024 10:15,12/3/2024 14:15,buy,0.04%
IRFC,12/3/2024 10:15,12/4/2024 14:15,sell,0.05%
IEX,12/3/2024 10:15,12/3/2024 13:15,buy,-0.04%
COFORGE,12/3/2024 11:15,12/9/2024 10:15,sell,0.04%
MAXHEALTH,12/3/2024 12:15,12/4/2024 11:15,sell,0.05%
NAUKRI,12/3/2024 13:15,12/6/2024 11:15,buy,0.02%
LODHA,12/3/2024 13:15,12/3/2024 14:15,buy,0.02%
BHARTIARTL,12/3/2024 14:15,12/5/2024 10:15,buy,-0.01%
PAGEIND,12/3/2024 14:15,12/4/2024 13:15,buy,-0.02%
INDHOTEL,12/3/2024 15:15,12/4/2024 14:15,buy,0.01%
DIXON,12/4/2024 11:15,12/5/2024 10:15,buy,-0.02%
PRESTIGE,12/4/2024 11:15,12/5/2024 10:15,buy,-0.03%
OBEROIRLTY,12/4/2024 13:15,12/5/2024 10:15,sell,0.02%
ABB,12/4/2024 14:15,12/10/2024 10:15,buy,-0.04%
SHREECEM,12/4/2024 14:15,12/5/2024 11:15,sell,0.03%
PAYTM,12/5/2024 10:15,12/10/2024 10:15,sell,-0.04%
COFORGE,12/5/2024 10:15,12/6/2024 15:15,sell,0.00%
UNITDSPR,12/5/2024 10:15,12/6/2024 10:15,buy,0.02%
DRREDDY,12/5/2024 10:15,12/6/2024 14:15,buy,-0.04%
TORNTPHARM,12/5/2024 11:15,12/13/2024 10:15,sell,-0.02%
PERSISTENT,12/5/2024 13:15,12/9/2024 12:15,sell,0.00%
INDIGO,12/6/2024 10:15,12/6/2024 13:15,buy,0.01%
INDIGO,12/6/2024 11:15,12/6/2024 12:15,buy,0.02%
BAJAJ-AUTO,12/6/2024 12:15,12/9/2024 13:15,buy,-0.01%
EICHERMOT,12/6/2024 12:15,12/10/2024 10:15,sell,-0.04%
SUNPHARMA,12/6/2024 13:15,12/9/2024 10:15,sell,-0.02%
DRREDDY,12/6/2024 14:15,12/9/2024 14:15,buy,0.05%
BIOCON,12/6/2024 15:15,12/10/2024 12:15,sell,-0.01%
LUPIN,12/9/2024 10:15,12/10/2024 15:15,sell,0.04%
ADANIENT,12/9/2024 10:15,12/10/2024 14:15,buy,0.04%
ATGL,12/9/2024 12:15,12/10/2024 10:15,sell,0.02%
COFORGE,12/9/2024 13:15,12/10/2024 10:15,sell,0.04%
DIVISLAB,12/9/2024 14:15,12/12/2024 10:15,sell,-0.05%
PERSISTENT,12/10/2024 10:15,12/17/2024 14:15,buy,0.01%
UNITDSPR,12/10/2024 10:15,12/17/2024 11:15,buy,0.03%
AUROPHARMA,12/10/2024 10:15,12/13/2024 10:15,sell,0.05%
IGL,12/10/2024 10:15,12/10/2024 13:15,buy,-0.05%
VOLTAS,12/10/2024 10:15,12/11/2024 11:15,buy,-0.03%
LAURUSLABS,12/10/2024 12:15,12/11/2024 12:15,buy,-0.01%
BHARATFORG,12/11/2024 10:15,12/12/2024 12:15,sell,-0.01%
BHEL,12/11/2024 10:15,12/13/2024 10:15,buy,0.03%
SBIN,12/11/2024 10:15,12/13/2024 10:15,sell,0.03%
CONCOR,12/11/2024 11:15,12/12/2024 10:15,sell,0.01%
TECHM,12/11/2024 12:15,12/12/2024 10:15,buy,-0.04%
ASHOKLEY,12/12/2024 10:15,12/13/2024 10:15,buy,0.01%
PEL,12/12/2024 10:15,12/18/2024 13:15,sell,-0.05%
DRREDDY,12/12/2024 10:15,12/12/2024 12:15,sell,-0.02%
COLPAL,12/12/2024 14:15,12/13/2024 10:15,buy,0.01%
DIVISLAB,12/13/2024 12:15,12/16/2024 14:15,buy,-0.04%
ASTRAL,12/13/2024 12:15,12/18/2024 10:15,sell,0.05%
AUROPHARMA,12/13/2024 15:15,12/18/2024 10:15,buy,0.01%
ICICIBANK,12/16/2024 10:15,12/19/2024 10:15,buy,0.04%
SBIN,12/16/2024 11:15,12/19/2024 10:15,sell,-0.04%
ABCAPITAL,12/16/2024 12:15,12/19/2024 10:15,sell,-0.01%
TRENT,12/16/2024 13:15,12/17/2024 12:15,buy,-0.04%
TVSMOTOR,12/16/2024 14:15,12/18/2024 11:15,sell,0.03%
MRF,12/17/2024 11:15,12/17/2024 15:15,buy,0.04%
RECLTD,12/18/2024 12:15,12/20/2024 12:15,buy,0.04%
PFC,12/18/2024 12:15,12/19/2024 13:15,buy,0.04%
JUBLFOOD,12/19/2024 10:15,12/23/2024 13:15,sell,-0.05%
POWERGRID,12/19/2024 13:15,12/20/2024 14:15,buy,-0.02%
BANKBARODA,12/19/2024 15:15,12/20/2024 10:15,buy,-0.03%
PNB,12/24/2024 11:15,12/26/2024 10:15,buy,0.00%
BHEL,12/26/2024 15:15,12/27/2024 15:15,buy,0.05%
FEDERALBNK,12/27/2024 10:15,12/27/2024 12:15,buy,0.01%
CROMPTON,12/27/2024 10:15,12/27/2024 12:15,sell,0.02%
HDFCAMC,12/27/2024 13:15,12/31/2024 15:15,buy,-0.05%
INDIGO,12/27/2024 14:15,12/30/2024 10:15,sell,0.03%
CHOLAFIN,12/30/2024 10:15,12/31/2024 15:15,sell,-0.05%
ASIANPAINT,12/30/2024 10:15,1/2/2025 12:15,buy,0.02%
ESCORTS,12/30/2024 11:15,12/31/2024 11:15,buy,-0.01%
COALINDIA,12/30/2024 15:15,1/1/2025 15:15,sell,-0.02%
DABUR,12/30/2024 15:15,12/31/2024 10:15,sell,-0.02%
CUMMINSIND,12/30/2024 15:15,1/1/2025 12:15,buy,0.02%
NMDC,12/30/2024 15:15,12/31/2024 10:15,sell,0.00%
ABB,12/30/2024 15:15,1/3/2025 12:15,buy,0.01%
M&M,12/31/2024 10:15,1/2/2025 13:15,sell,-0.01%
BRITANNIA,12/31/2024 14:15,1/1/2025 10:15,buy,-0.03%
GODREJPROP,12/31/2024 14:15,1/1/2025 10:15,buy,-0.04%
SIEMENS,12/31/2024 15:15,1/3/2025 10:15,sell,0.05%
